{
  "BLEU-1": 0.9813605832490944,
  "BLEU-2": 0.9737487136267017,
  "BLEU-3": 0.9666041388687887,
  "BLEU-4": 0.9586316504093835,
  "METEOR": 0.9844839559771559,
  "Total Captions": 117880,
  "Total Files": 11788
}